CREATE DATABASE IPL;
USE IPL;
CREATE TABLE TEAM (
TEAM_ID INTEGER PRIMARY KEY,
TEAM_NAME VARCHAR (10));

INSERT INTO TEAM VALUES
(1,'CSK'),
(2,'RCB'),
(3,'SRH'),
(4,'KKR'),
(5,'MI'),
(6,'DC'),
(7,'PBKS'),
(8,'LSG'),
(9,'GT'),
(10,'RR');
SELECT * FROM TEAM;

CREATE TABLE PLAYER (
PLAYER_ID INTEGER PRIMARY KEY,
TEAM_ID INTEGER,
PLAYER_NAME VARCHAR (255),
P_CATGORY VARCHAR (255),
STRIKE_RATE FLOAT,
RUNS INTEGER);

INSERT INTO PLAYER VALUES
(101,1,'DHONI(C)','BATSMAN',132,140),
(102,1,'JADEJA','ALLROUNDER',121.21,113),
(103,1,'RAYUDU','BATSMAN',129.15,247),
(104,1,'SHIVAM','BATSMAN',159.87,276),
(105,1,'BRAVO','BOWLER',125.95,21),
(201,2,'DUPLESIS(C)','BATSMAN',125.56,270),
(202,2,'VIRAT','BATSMAN',116.87,186),
(203,2,'HARSHAD PATEL','ALLROUNDER',103.12,2),
(204,2,'SIRAJ','BATSMAN',105.34,4),
(205,2,'DINESH KARTHIK','BATSMAN',194,218),
(301,3,'WILLIANSON(C)','BATSMAN',120.2,196),
(302,3,'ABHISHEK S','BATSMAN',134.5,280),
(303,3,'MARKRAM','BATSMAN',149.54,220),
(304,3,'SUNDAR','ALLROUNDER',148.98,120),
(305,3,'BHUVANESHWER K','BOWLER',66.3,2),
(401,4,'SHREYAS IYER(C)','BATSMAN',133.34,240),
(402,4,'SHIVAM MAVI','BOWLER',60.05,2),
(403,4,'VENKATESH IYER','ALLROUNDER',127.54,132),
(404,4,'NITISH RANA','BATSMAN',140.99,210),
(405,4,'RUSSELL','BOWLER',175.56,220),
(501,5,'ROHIT SHARMA(C)','BATSMAN',123.54,155),
(502,5,'ISHAN KISHAN','BATSMAN',111.39,225),
(503,5,'TILAK VARMA','BATSMAN',137.23,240),
(504,5,'BUMRA','BOWLER',45.17,5),
(505,5,'POLLARD','ALLROUNDER',123.65,125),
(601,6,'RISHABH PANT(C)','BATSMAN',149.87,220),
(602,6,'DAVID WARNER','BATSMAN',156.76,260),
(603,6,'PRITHVI SHAW','BATSMAN',159.46,250),
(604,6,'AXAR PATEL','ALLROUNDER',166.32,145),
(605,6,'SHARDUL THAKUR','BOWLER',150.53,89),
(701,7,'SHIKHAR DHAWAN','BATSMAN',122.74,421),
(702,7,'LIAM LIVINGSTONE','ALL-ROUNDER',177.98,388),
(703,7,'JONNY BAIRSTOW','BATSMAN',143.7,230),
(704,7,'MAYANK AGARWAL(C)','BATSMAN',125,195),
(705,7,'KAGISO RABADA','BOWLER',111.63,48),
(801,8,'KL RAHUL(C)','BATSMAN',135.53,469),
(802,8,'QUINTON DE COCK','BATSMAN',133.53,362),
(803,8,'KRUNAL PANDYA','ALL ROUNDER',127.73,183),
(804,8,'AVESH KHAN','BOWLER',169.76,22),
(805,8,'KARAN SHARMA','BOWLER',100,4),
(901,9,'HARDIK PANDYA(C)','ALL-ROUNDER',131.46,351),
(902,9,'SHUBMAN GILL','BATSMAN',135.35,402),
(903,9,'DAVID MILLER','BATSMAN',136.08,347),
(904,9,'RAHUL TEWATIA','ALL-ROUNDER',149.31,215),
(905,9,'RASHID KHAN','ALL-ROUNDER',189.47,72),
(1001,10,'SANJU SAMSON(C)','BATSMAN',153.42,359),
(1002,10,'JOS BUTTLER','BATSMAN',148.23,627),
(1003,10,'KARUN NAIR','BATSMAN',88.89,16),
(1004,10,'RAVICHANDRAN ASHWIN','ALL-ROUNDER',140.20,143),
(1005,10,'RIYAN PARAG','BATSMAN',148.08,154);

SELECT * FROM PLAYER;

CREATE TABLE MATCHES
(TEAM_1 VARCHAR(255) ,
TEAM_2 VARCHAR(255),
MATCH_DATE DATE,
MATCH_NUMBER VARCHAR(255) PRIMARY KEY);

INSERT INTO MATCHES VALUES
('CSK','RCB','2022-03-17','1'),
('KKR','MI','2022-03-19','2'),
('DC','CSK','2022-03-19','3'),
('SRH','KKR','2022-03-20','4'),
('RCB','MI','2022-03-21','5'),
('SRH','RCB','2022-03-22','6'),
('CSK','MI','2022-03-22','7'),
('SRH','MI','2022-03-24','8'),
('DC','MI','2022-03-25','9'),
('CSK','KKR','2022-03-25','10'),
('KKR','RCB','2022-03-26','11'),
('CSK','RCB','2022-03-27','12'),
('DC','RCB','2022-03-28','13'),
('DC','KKR','2022-03-29','14'),
('NULL','NULL','2022-03-30','SEMIFINAL-1'),
('NULL','NULL','2022-04-01','SEMIFINAL-2'),
('NULL','NULL','2022-04-03','FINAL');
SELECT * FROM MATCHES;

CREATE TABLE VENUE(
VENUE_NAME VARCHAR(255) PRIMARY KEY,
CAPACITY INTEGER);

INSERT INTO VENUE VALUES
('WANKHADE STADIUM',33000),
('DR. DY PATIL STADIUM',55000),
('BARBOURNE STADIUM',20000),
('MAHARASTRA CRICKET ASSOCIATION STADIUM',37000);
SELECT * FROM VENUE;

CREATE TABLE SCORECARD(
TEAM_NAME VARCHAR(255) PRIMARY KEY,
MATCHES_PLAYED INTEGER,
MATCHES_WON INTEGER,
MATCHES_LOSE INTEGER,
POINTS INTEGER,
NRR FLOAT);
DESCRIBE SCORECARD;
INSERT INTO SCORECARD VALUES
('LSG',11,8,3,16,0.703),
('GT',11,8,3,16,0.120),
('RR',11,7,4,14,0.326),
('RCB',12,7,5,14,-0.115),
('DC',11,5,6,10,0.150),
('SRH',11,5,6,10,-0.031),
('PBKS',11,5,6,10,-0.231),
('CSK',11,4,7,8,0.028),
('KKR',11,4,7,8,-0.304),
('MI',10,2,8,4,-0.725);
SELECT * FROM SCORECARD
ORDER BY POINTS DESC ;


